"id","name","path","state"
142022472,"Ka0s",".github/workflows/kaos.yml","active"
142065355,"Ka0s Inspector",".github/workflows/inspector.yml","active"
142215142,"Ka0s Markdown Lint",".github/workflows/mdlint.yml","active"
143170239,"Ka0s Execution",".github/workflows/execution.yml","active"
143918826,"Ka0S Version",".github/workflows/version.yml","active"
147346817,"Ka0s YAML Lint",".github/workflows/yamllint.yml","active"
151629566,"CodeQL","dynamic/github-code-scanning/codeql","active"
152110813,"Ka0s JSON Lint",".github/workflows/jsonlint.yml","active"
152390405,"Ka0s HTML Lint",".github/workflows/htmllint.yml","active"
153261529,"Ka0s Workflow Statistics Summary",".github/workflows/workflow-stats.yml","active"
157809135,"Ka0s Re-run Failed Inspector Workflows",".github/workflows/rerun-failed-inspector.yml","active"
171532733,"Ka0s Autom add docs to MongoDB",".github/workflows/add-doc-to-db.yml","active"
171839824,"Ka0s Status MongDB Report",".github/workflows/status-db.yml","active"
171889537,"Ka0s C0re Host Audit logs",".github/workflows/audit-host.yml","active"
